
/*USER*/
insert into user (id, userName, email, password, image, birthDate, isAdmin) values (1, 'Samaria Hutchcraft', 'shutchcraft0@umn.edu', 'aHbNj3hFtVK3', 'data:image/png;base64,iVBORw0KGgoAAAANSUhEUgAAABAAAAAQCAYAAAAf8/9hAAAABGdBTUEAAK/INwWK6QAAABl0RVh0U29mdHdhcmUAQWRvYmUgSW1hZ2VSZWFkeXHJZTwAAAKLSURBVDjLpVNLaBNRFD3vZTKZfCaftmltmghGLHUhVUQoRRApRVyo4M6luBBEQXDTjftu3IhW0IWgCNaN2qrUuGjFUmpR/EORgpbUhk7zaTOdJPN5M76ZVFBXhT44vDsz79w59553ieM42M6i2OYSrt55OymF5ANF1QxvNCxqc0E2HDAe2Fwd47Dt5vMmHBBmmrX1Yn5+YUFIJmKZ86e6o7rpECng+yc7+T8mzb2uW766zlJnhvUGVapW1rBs8mCygHzRgKY7WCzZyJdtLK3ZKKzbUFQHRc2ByYClkoHrzwqoaDqVk5ndVNMZCfgpujqjyL1XsLZhoiNK4OdiRB+BKLgA4kGCUtXAo+kVxFuiaI0HPE201rA8idkdEaQ7oph4p6CimmiLUI8o8kQxiaCsumQFba1RZLsiIJvmUa3Bmt3kB7OpCJKJEEan8h7BJcocJR7fe5VHLBbyzgSFv2zU6k0FhHfHMi1Igo2dXXE8n1OwVGx4eDqrIMPfySIDdSxP2Z/OCjWdwVVjGBZWyioyHTJE0Y9CWcKb+ap3UbozCSyvvsTc93GotQoahoEjvScA56CbwHK4t0QpcXJSRlDyw824qz2EnRyubTOfRvGjksPRw4eQbtmDyW9PkPt6C9VSPy+h/Ounzn3sSQedVIKiJcx4AxnaZYZU1EYnx9SH+9jf0wtGGXo7B8GIib59/dCqLxzB2FhdHLg8kQjI4bAQ8BGBd5Ny+3xcO6UElNfr0wqCn0RwfO85r/QrA7cx/mWER2OEbGWY+i+l66dPHpMsfsmHBu9iOHcWki+Ah4/HGlsaJtuxr81+noEIwfuzSARMf3ztfrpJtjrOfRdTw3y7wCFzqBwjszeWh34DRKkiE0cpxFcAAAAASUVORK5CYII=', '1999-11-14', false);
<<<<<<< HEAD:db/data.sql
insert into user (id, userName, email, password, image, birthDate, isAdmin) values (2, 'Birdie Dealtry', 'bdealtry1@simplemachines.org', '3jSD9aton', 'data:image/png;base64,iVBORw0KGgoAAAANSUhEUgAAABAAAAAQCAYAAAAf8/9hAAAABGdBTUEAAK/INwWK6QAAABl0RVh0U29mdHdhcmUAQWRvYmUgSW1hZ2VSZWFkeXHJZTwAAAIjSURBVDjLpZNNaBNBFMffJNumS61t1cRYUYwGvHgRj+pNUYmkh54UPFnEgrESaA0oloKC1UuEKmoRD6HgoSIRK1ooUhUMoYpaBWvS9IvmUCMFYbs7Xzu+bU2s9kOwC392Zva937z57xuilILVPK5/BbSkmtzR16di/w0QXNzhlB9f7jtZ6QjNA41xf8WmZoTAyHTuG6fsLbX4c2axh4+b+iZXBJx9cfLyxgr/hR01QZC2BIMZUPjxHfKFPAyPfk0ipGPgYuqNtlTy+cR4iG1g5czFgEkGM+YMaO5y0DwabNu8HUCR+vS7Qdgd3RVZ5EFrYlyX0o7fPpJozeazne9HP4BlUchMZIDimwoK671eqPPX1VOTNiyqAJNbUEFn3H3sUeRo54E1Q8Of9mDJ/Xj+hv17921xKqmurQFG+aE/ANH7uYC0VQwBpTXTsBoxOfaqLX0FS4anvc/OcSZAoKSQh8ExsahIVybZ0TOmTt/6opx5zyBLogILY/5WyYNIVza0rtIdLiP4739XELYVfH6QZpe6U0xftpHO3M2gcTLuwZlhyRIAk2Gnj+i+KtIupPp476UVWhLgGOerKgtyboPFbCh6gH7MQao9BLbWkuBanTy52W8mb/TNBooADc87Zxx2FJiYjDstAAAwoXANwO0i4K0kzo7hsYI4eK3XuIp51zUsN44DPTc9+2tHlD3fnQ5saAqh9vy4KATrGNuOYSfIaq/zT68cX09iiVY0AAAAAElFTkSuQmCC', '1998-08-31', true);
insert into user (id, userName, email, password, image, birthDate, isAdmin) values (3, 'Daffy Whiteside', 'dwhiteside2@amazon.co.uk', 'fn3vJ7PcwG0', 'data:image/png;base64,iVBORw0KGgoAAAANSUhEUgAAABAAAAAQCAYAAAAf8/9hAAAABGdBTUEAAK/INwWK6QAAABl0RVh0U29mdHdhcmUAQWRvYmUgSW1hZ2VSZWFkeXHJZTwAAALwSURBVDjLhZJJTBNhFIDfTKcdumGtBYqtbSgQkE0DaggqiyhBPchBjWLiEuPBaAyHetEEE6NouOjFE5407gESExKNVlyCCYsLRkNYQrqwWVRKO22n//zz/w4kEgKi3+29/39fXt57DKUU/pDTMmqoNKlbrWbNZqtOtQphimficiwQTIx4voQOeJs3eGEJ7OJg8JRL8ATiN0DPTW906tnNGQbNW2/sxcu+maOygH3wF7jFQWbzIGPkmd1ZRs56vn38bnGGfoMYQiIRcDBwexP9r4DE8fHLdc7TF+75boV/Jh5VZBnuGnnWTJP43LwrwyeSdVy2jCkCTJXWiSYSwuMLgoyLX7P3V6S4p8JSeHZKfEATcmytljNpOdYAhCShKI2n2NTFzjVqA5EA3nWH2n9Noc8LArOOdVc4dDnTYSy46x1PkxhGnWvlzd2DrEHyhYYtW3R2Dqh+YCQ66kznXT8m4t8oJjc5Z8NnjiD58PWTrvqWzuCb3s7vt5UHRGViazyXc4lngFelGvcUZunrfH7x69BAxJ1q0jzjKOgCD4sRqwwob1912vlfAo73vJxyTzwuezDZtq2VSPj5hxFhjKOMsbDEfM1AjpLc9P0FFMl6BhPQ8kz6/BrPHrR356fwhbNRrNtbk3Z1LplS6ykpr7bd2ZlnKoqI4LStVptEJIh2y3qoqjrSShSBhoXkub/M4kNaTMP9ckqIJCNCVAhjsJkzoci+DXq8r6B/rBfGP3V0TP6IHuNgBZQxwK78YyqZEpCJDAQoTMwGoNC+FQQUh9D6sj3wuiN1RYGIEcwV+34Og0SwIpRAkiUIJyKwcd12EKQYEyqt7l8mSDv0sYQSWllTIwKWMaQlO5RieV42OesHs8EKHwNd0D3sx8G+tjPLZlDbPBrWqMHIaXeBiCRAJKF0kyCZlny21FUDff730DXkAxd5AgRzaMUhLqXgCju9ybHD8nrI8wERKJtoUk76X1tYiquRmZaJyhInsjrYRPGf/G9oAXqKbs089gAAAABJRU5ErkJggg==', '1997-12-23', false);
insert into user (id, userName, email, password, image, birthDate, isAdmin) values (4, 'Drucie Hardbattle', 'dhardbattle3@icq.com', 'fyrjypR57G', 'data:image/png;base64,iVBORw0KGgoAAAANSUhEUgAAABAAAAAQCAYAAAAf8/9hAAAABGdBTUEAAK/INwWK6QAAABl0RVh0U29mdHdhcmUAQWRvYmUgSW1hZ2VSZWFkeXHJZTwAAAKbSURBVDjLpZNLbIxRGIaf/9Lfpa1rZ0hNtYpEVRBiNkUiEZFoKjSxQmLBglizIQiJILEgWHQlgkpLGg1BU6E3imorLkElLmOmM1XV6mXm/8/5LH5GI7EQJ/lyztm85/ne872GiPA/ywa40NC3X4TtSnRIa43S4GmNUhqlBU/pUaVQnqC0fnRk89ywDaBFdpeHs3P+5eUDlW8XpgmU1jkAmdU7QQSUB1qB6/rnVBLcFCRdcF0G99bjumrMKIFfPgjkBkB7fon3UyQJbhK8FLyIAuB66rcHSumfAgZ8ToBon0Rrn0T5+6AzyKd5eVi3j7HDuUfnmchWRITTN6PyfdiViw3dIiJS2RgTEZErzf69qiUmg59rJFq/R/o6a0UGIvK1s0paTqyN2QCu0mgRbAuqW+JYlsnVB3FsC2pa4yQSuxjKLmbK3BJ6u17iGCmyJ0wna+rMiekWBLAtgw3hADWtCdaHg9Q+jrO64BVDmUVMKlxDMnoZZ7zB+/ZX9A+ZGMmeRWkC0WCbUPskQWvPcR7eEEI6xvDYPCbNKWMkcg7T8cjIysfxPnC+dwun95a/Nn1HNSJChgWlSwMAFNtDbJw+g4lzyhiJnMXMcEn1F9B9vwNZto/vTggAE/ypA7BMg7qOHnL6PrBYxhEsXkcqVoHlCMn+fLob2mDVSQIFC9M/ZwN4nud7YMKMgTpyJ8/GkyDRZ6eYHHQY6c2jp/Ul5qqTBHLz0VqwTH4TuMpvYcHMLDoaK5i/fAdjPjbyuqaJ9lu9PL/zFKPkEMFQoU9qGWgtetQgSdPBS28Wp5TOzO1KkHpey6xFK/iW+EJX2xvuhg7z5do34GE6C30DI9cBjD/jvGnllOElhdPscNEsJCPZPBxPbCs92vnub6H6AWmNdrgLt0FkAAAAAElFTkSuQmCC', '1998-05-03', false);
insert into user (id, userName, email, password, image, birthDate, isAdmin) values (5, 'Deva Goulding', 'dgoulding4@comsenz.com', 'kInUHhHb0Bt', 'data:image/png;base64,iVBORw0KGgoAAAANSUhEUgAAABAAAAAQCAYAAAAf8/9hAAAABGdBTUEAAK/INwWK6QAAABl0RVh0U29mdHdhcmUAQWRvYmUgSW1hZ2VSZWFkeXHJZTwAAAIMSURBVDjLfZI9aJNxEMZ/bxJp+hGViBLEgtKKTo52yeBUnETBSVwEO4ibg2TqUAQLgptF6SjiouimOEqpFqSLCB2qIiINYmPT5s378f/fnUOSJmmKBw83Pb97uLvAzOjUxXvv7calST78qKHeEFFEFBXFe6U8cYSFZ6t8WrgadDw5ekpFUDW8axt9q4tvyXtDvPRa+gG705y0TD3mXeAeQKYvgRfCpuN4YQiXSp/GDw3TaCaI/DeBzP35tjx7beIdRwufyQd1VI3QjVJ1Z3n65QLqx+Z6PUHvEuXjqZkwHXo4cvL2GCNnMDKYRpiro9trbK09bgyxc6d4JVkcAPjlE1MYr5l8VLLsQdTXwO9gEmISQxCAOBqrlaqkXC5dt5W+HZi4CuN3S5Y7jPktkAiTuK0QTX5jGpI/favktqkM7EB9Ws6OnsP8NqZxW0lbMaZN1P0lM3IMF1IeuIKqFC2TwzQCTdqKu5IYpAHm8CnFQYAomAdNu9E706WbCEvw6T5/oF5q5uqYuT3R4y4ERdImLqI2CHDxkmyuEATZ/vjS7ubIZIaJNn7SrLM0AJCY+cbq/arGm5DNY+YxaSdBCXIFfBzw9eWbahQyv+8jbTwJZsQxVzh/s3SgOAGBYT5E0jrhr3XWn7+tRiGz0y9scV8AwPcHwVRap+JjyuIpugTiJrU4ZEmE+elXrQfq1D+32LPJr7b2hgAAAABJRU5ErkJggg==', '1993-05-20', true);
insert into user (id, userName, email, password, image, birthDate, isAdmin) values (6, 'Tarra Brislan', 'tbrislan5@de.vu', 'FzZU0RKWc', 'data:image/png;base64,iVBORw0KGgoAAAANSUhEUgAAABAAAAAQCAYAAAAf8/9hAAAABGdBTUEAAK/INwWK6QAAABl0RVh0U29mdHdhcmUAQWRvYmUgSW1hZ2VSZWFkeXHJZTwAAAIzSURBVDjLpVO7a1NRGP/dm9ubpGlMioGiLdFBHCyFtksHZ6tiQZAMEbqZwTGgkw7B3cmugoOL/0ATujadlIZchCwGWlERF5XbNOc+zsPvnNvUQmMWAx8f5+b8Ht/jWEop/M/POXvodDpvOOebcRw7lEHZRBRFOr+rVCoPxxJ4nlcgwOtisVhJp6cREghSwngjh7OzRezstKp0Ok/Q7XbvaHCpVJrP5XI4OPwGrS6lglSSiBQEkYVhOL4Eutwql8vmwFiAmMAfvX0ikKdxa/2uKWMsga7RdV34vp8oC4Ebi8tGXZ2o60b/04FmFgTSl/RAtHWv+4GyMOr6v0v37k92kPRKmcuaYHFp1aiPXKgJPbBHzIkDbZlIxEn9dgRf/UT6+wGezRxCvXqsxNMN/xzBKVj8bZwm2vq0gha7jedf1oCpLHBxgZTsqUe96gzFpiHQ1kbbqC2b8ckkz81lca1gwc24oPEAEcWx0Fd/2Zbztuo9+GEc6CmkUqmk7rMuIglOFfIhfWccKiTwkIPx2CmggCAILmgH79vtNgaDAfL5PDLZNG2gZYhiAvKQSjsmhwE1m+ngBAzJTEx7E2bsWq221u/3N5rN5v7e3i7SroWrVxZQLs9DDEmdaQIYIAJyEQmwIMBRNEAcxclbqNfr25S2G43Geq/Xe0mjXdJLJS6/AM9RbwIaJyP700TCpdlY3z4CCxmsSc955clnZSnznnDz967KOrC+Dp2wc104yh6mZJzlfwCf3q+o0qkR9wAAAABJRU5ErkJggg==', '1998-04-09', true);
insert into user (id, userName, email, password, image, birthDate, isAdmin) values (7, 'Wyatan Brosini', 'wbrosini6@cbsnews.com', 'HsojSOG', 'data:image/png;base64,iVBORw0KGgoAAAANSUhEUgAAABAAAAAQCAYAAAAf8/9hAAAABGdBTUEAAK/INwWK6QAAABl0RVh0U29mdHdhcmUAQWRvYmUgSW1hZ2VSZWFkeXHJZTwAAALQSURBVDjLbZNdSFNhGMf/55xtx6P7aG1rbiSbORwpm/QJQeGQPq/SFmiFFZjBQiiF6CboUrxIUqioKIO66SYRQVAiBIkiilJGyJQGrjl1pq42c+ecnfUcEQrdgd/Fed/n/3+e533el2lvbw8riuIiFnp7eytQ4AsGg98kSaqQZfn70NDQ7v/3NCT05HK5F8SVpqamfCEDEqt0Eyc372lIyBNnyF2ytXTLRSwPUc5DVIBW232U6YHmG+81JK4lqjYbsCScIB4SkY/ax0JGSAlssVXIC1YhCr9gEuYEURSniefE+JYKSGgkagnZpP2Kscwn7Ofugs15MbzUgPEVH0TxskzZGwlTIQOJiNKmz84DByx6rIjXkF71Yyl1HJHfNrV/hVBj7FsMaFHcMKg+Ya+AjimGjHJkTEnA+RIKI+GpKGLDYG8hAyNx2m631wzfjBeYAUstiJVqjBpbyOAXMRCNRmXvnYF9Ak1BygEiDbTF+gg79QwOBT5PUpWDFBfcYkDuOtooJ7gP2U7sQSN0U3HYlyfwxWbGm4VpGI1GfTqdrqqvr6/s6+vLJxKJ5Xg83hkOhx9wbre7QxUTvOFoqjTxdgSHtUZcvHAOTqcTBtMO0D0xOBwOVygUEjweD2OxWNTRHiMTrdpCinhFhIqn1uCXqnGkrg4d924hFf4Jp8MBn8+n4zhO19PTg9nZ2ZzBYBhpa2s7NTMzc1VtoYbE5wm3NV6EbXrzem8HLyn5wetphq43zGYzqAUkk0nQe/mj0WjOUkjGZDLxqgFppSc6ne5Z7N0aOPePdYOx26uMIjHo6upCSUnJ+lomkwHLsjxV06/+UwtrjN/vnySDXcSEVqttph5fBwKB0rKyMoUybZ+fn0ckEgHP83C5XKBxgyayFIvF2NHR0Tkmn//3AL1eL0eH5aOM/XSANhJx6kVYXFxsVRNarVY1szabzeboLJJUUcNfnRWk+01xXkAAAAAASUVORK5CYII=', '1998-07-07', true);
insert into user (id, userName, email, password, image, birthDate, isAdmin) values (8, 'Karine Menego', 'kmenego7@ask.com', 'qKPT9q', 'data:image/png;base64,iVBORw0KGgoAAAANSUhEUgAAABAAAAAQCAYAAAAf8/9hAAAABGdBTUEAAK/INwWK6QAAABl0RVh0U29mdHdhcmUAQWRvYmUgSW1hZ2VSZWFkeXHJZTwAAAGeSURBVDjLxVNNS0JRED3qA0MRoqCFouBGN9Yia9HGRa3b9x/6M62jf9CuTS0EV0arXASG0gcUYWIgmvi6792P7sz1WUI7Fw0Mc70z59wz88aYMQbLWBxL2tIEXrN5+mcPWkvrBsZQVNYDSKmglLTZ0J4lwjCER8XZ7OYcSDMxRs/cEdCZSKKoNeUU7u/rjoBMiE8GuKQrcCA1A0XuFK2sZKwC3xE4Zo1UahX5/Dam0yH6/Q4KhV17H+Lu7gKVyiESCQ/dbgPD4QvfSykQlzKcMxP4+fnGJr4seAdPT01MJh8oFve4uNOp20fWQBilQqvAEtBQqE+6IBuPe3h8bML3hyiX95FOr6HXayOT2UCpdIDR6I1r6VF6KK61z5N1ROAkvdBuX+H6+oznksttodE4wevrLbdC8h1GwCMZJF+pgIdSrR6xtCCYWLnrnBuP31GrHfN5MHhgcDRUj3pzbAFarfOFSUf++4tEA3dRwhNCsKRkMv2r+Oe7R7+jvbArNotu/6wC3/Z7yX3TdhkjbDS8eUTi5EoGuLhosX//N34Dm6aVPfzbYjIAAAAASUVORK5CYII=', '1992-12-10', false);
insert into user (id, userName, email, password, image, birthDate, isAdmin) values (9, 'Sharia Tottle', 'stottle8@wordpress.org', 'cKI6rUB9q', 'data:image/png;base64,iVBORw0KGgoAAAANSUhEUgAAABAAAAAQCAYAAAAf8/9hAAAABGdBTUEAAK/INwWK6QAAABl0RVh0U29mdHdhcmUAQWRvYmUgSW1hZ2VSZWFkeXHJZTwAAAIpSURBVDjLpZP7T1JhGMfPn9RaznVZa7Zhl1WoOI1ZtNlmq5Wrma1jMTSG5li1ahWSFJKmjuhEYzVJCDGQUNJI7WYX7ALnhFwiKFvn2zkHKw6d33y27y/v830+++5535cAQCxHhN7+AR23I9Ba30EzMIeTva9BWl4+ljJbRhLqHk9i/trDOLpdDLoeMCAyuZ8oVtP1WVYKYPYsfCv2Eqd9bdB61dB4SJxwNQuHjcZnkAKY3F+Efu/0VZjDV9A9eVFoiIo37L88JQkwDjNCv7CIPm8MheINey+ERIC6/kpFtXkbdhjKUdtVIfITVn9URGRSOajOBv8ClH1yRZVpK9s63IL2kVbIz20RBvkaGI3mAVQgBmosCsd4FG8+p7Gzc0wA1Fi2KyqMm1nyfhNqjHKsP1WKct1GDPpisPLy0/8nePUxhWqdD1xkJReZbXY0oqxjLbtOU7JJf2ceqewibAFa8FKBJYCQgktg49Rg3QMuMupv1uGw/QA26Faza9SrZHyidtt7JDOLsAdp3B3Pixh6QiOd/bdZVY8SGjeJg1QDH5ktbVkp+7OPtsG3SHz9gXuhfALnJPeQHBM0ClVrqOIjg4uMkuMrZIW3oe6fEwBD3KBzScQtPy3awfNIEiq9T/IdkDdeYIEDuJ4ygtcd5gD8QLF2dT76JQU4ap5FPP0ddDKHT/EsInQGRKXWi2KVHXNSUoAjppnRQ4ZwZt+lKdSfD2H3meDyvjKv3+cfGcwF4FggAAAAAElFTkSuQmCC', '1994-04-21', true);
insert into user (id, userName, email, password, image, birthDate, isAdmin) values (10, 'Arthur MacKeller', 'amackeller9@ftc.gov', 'cziatI7pBk', 'data:image/png;base64,iVBORw0KGgoAAAANSUhEUgAAABAAAAAQCAYAAAAf8/9hAAAABGdBTUEAAK/INwWK6QAAABl0RVh0U29mdHdhcmUAQWRvYmUgSW1hZ2VSZWFkeXHJZTwAAAKLSURBVDjLY/j//z8DJRhMmJQd+x89/W4IRQbY1x5L8590dzmy5PuIqC4gfvA+PPIyEMfhNqD06H+L9gfG9p33/jr23OMEiX30DTj8yT/oFxCf+hAYfBeIfwPxIyBWwjSg5Mh/tYZHzDr1D34aND7Y9tXOsf2Lg/O/z85uNjCFn908lT56eH985xXwzXvygwYUA4yLD/9Xcm+QlS572JWesP7XVyOL79/MLKci22Rc/6DXvPH+X8um+79t2u7/tOu4/w9ugFHxof8wha+1LP89NHT9iaxZIf/BCpWie7/Vi+/N/25kqvrN2Oz/suiO6QgDig6ADfgtJrX0p6TMb1u/Xd+5Eh9M4k16yCyQdH+HYOK9H6JJd+tgBv7U0j3wXVvvA9wAg8J9/6sNAvT/8gr++8Mn1MYQ8aCFIfzBf6bwB3+Zwx/8Ywu7H44e+j8VVX4hDMjf+/8/I6v/fya2OyghHHCn3GuRw3TvJTZn4mZ7P82dEv4trc//f2SLw6cp/mrX4Abo5+3+/5OBJeQ3A4s4TLPXTEsvj5mWLzxmmT+ImuJ+rXF14v8tV6b+v/Bs1//+3Vn/w/t1/5tnS/aAFevl7vw/R1TDAabZscNommOn0UeHLsNFDj2GPLHtLt83Xp7wf+O1SaCw+t+zJ/V//550kAHfwRp0s7f/tyzRkbQo1Z5pXqr7CEi/tSjTyYAZ6FNt+H/blTn/kcGmS1NBBkAU6GZt+2+UoelvmKHuph5g6QqkwalRWMNDFkRb5kh/796V9L99VwJYc/vOBFQXaGdu+a+dsfm/VsYmIN74XyttAxCv/68Jwqnr/htkJP4P7tH437srBWwziAbx4WFADAYq7gDiTyBnQ+kOkDgAwll4PHHRgLAAAAAASUVORK5CYII=', '1998-01-11', false);
=======
insert into user (id, userName, email, password, image, birthDate, isAdmin) values (2, 'Birdie Dealtry', 'bdealtry1@simplemachines.org', '3jSD9aton', 'data:image/png;base64,iVBORw0KGgoAAAANSUhEUgAAABAAAAAQCAYAAAAf8/9hAAAABGdBTUEAAK/INwWK6QAAABl0RVh0U29mdHdhcmUAQWRvYmUgSW1hZ2VSZWFkeXHJZTwAAAIjSURBVDjLpZNNaBNBFMffJNumS61t1cRYUYwGvHgRj+pNUYmkh54UPFnEgrESaA0oloKC1UuEKmoRD6HgoSIRK1ooUhUMoYpaBWvS9IvmUCMFYbs7Xzu+bU2s9kOwC392Zva937z57xuilILVPK5/BbSkmtzR16di/w0QXNzhlB9f7jtZ6QjNA41xf8WmZoTAyHTuG6fsLbX4c2axh4+b+iZXBJx9cfLyxgr/hR01QZC2BIMZUPjxHfKFPAyPfk0ipGPgYuqNtlTy+cR4iG1g5czFgEkGM+YMaO5y0DwabNu8HUCR+vS7Qdgd3RVZ5EFrYlyX0o7fPpJozeazne9HP4BlUchMZIDimwoK671eqPPX1VOTNiyqAJNbUEFn3H3sUeRo54E1Q8Of9mDJ/Xj+hv17921xKqmurQFG+aE/ANH7uYC0VQwBpTXTsBoxOfaqLX0FS4anvc/OcSZAoKSQh8ExsahIVybZ0TOmTt/6opx5zyBLogILY/5WyYNIVza0rtIdLiP4739XELYVfH6QZpe6U0xftpHO3M2gcTLuwZlhyRIAk2Gnj+i+KtIupPp476UVWhLgGOerKgtyboPFbCh6gH7MQao9BLbWkuBanTy52W8mb/TNBooADc87Zxx2FJiYjDstAAAwoXANwO0i4K0kzo7hsYI4eK3XuIp51zUsN44DPTc9+2tHlD3fnQ5saAqh9vy4KATrGNuOYSfIaq/zT68cX09iiVY0AAAAAElFTkSuQmCC', '31/08/1998', true);
insert into user (id, userName, email, password, image, birthDate, isAdmin) values (3, 'Daffy Whiteside', 'dwhiteside2@amazon.co.uk', 'fn3vJ7PcwG0', 'data:image/png;base64,iVBORw0KGgoAAAANSUhEUgAAABAAAAAQCAYAAAAf8/9hAAAABGdBTUEAAK/INwWK6QAAABl0RVh0U29mdHdhcmUAQWRvYmUgSW1hZ2VSZWFkeXHJZTwAAALwSURBVDjLhZJJTBNhFIDfTKcdumGtBYqtbSgQkE0DaggqiyhBPchBjWLiEuPBaAyHetEEE6NouOjFE5407gESExKNVlyCCYsLRkNYQrqwWVRKO22n//zz/w4kEgKi3+29/39fXt57DKUU/pDTMmqoNKlbrWbNZqtOtQphimficiwQTIx4voQOeJs3eGEJ7OJg8JRL8ATiN0DPTW906tnNGQbNW2/sxcu+maOygH3wF7jFQWbzIGPkmd1ZRs56vn38bnGGfoMYQiIRcDBwexP9r4DE8fHLdc7TF+75boV/Jh5VZBnuGnnWTJP43LwrwyeSdVy2jCkCTJXWiSYSwuMLgoyLX7P3V6S4p8JSeHZKfEATcmytljNpOdYAhCShKI2n2NTFzjVqA5EA3nWH2n9Noc8LArOOdVc4dDnTYSy46x1PkxhGnWvlzd2DrEHyhYYtW3R2Dqh+YCQ66kznXT8m4t8oJjc5Z8NnjiD58PWTrvqWzuCb3s7vt5UHRGViazyXc4lngFelGvcUZunrfH7x69BAxJ1q0jzjKOgCD4sRqwwob1912vlfAo73vJxyTzwuezDZtq2VSPj5hxFhjKOMsbDEfM1AjpLc9P0FFMl6BhPQ8kz6/BrPHrR356fwhbNRrNtbk3Z1LplS6ykpr7bd2ZlnKoqI4LStVptEJIh2y3qoqjrSShSBhoXkub/M4kNaTMP9ckqIJCNCVAhjsJkzoci+DXq8r6B/rBfGP3V0TP6IHuNgBZQxwK78YyqZEpCJDAQoTMwGoNC+FQQUh9D6sj3wuiN1RYGIEcwV+34Og0SwIpRAkiUIJyKwcd12EKQYEyqt7l8mSDv0sYQSWllTIwKWMaQlO5RieV42OesHs8EKHwNd0D3sx8G+tjPLZlDbPBrWqMHIaXeBiCRAJKF0kyCZlny21FUDff730DXkAxd5AgRzaMUhLqXgCju9ybHD8nrI8wERKJtoUk76X1tYiquRmZaJyhInsjrYRPGf/G9oAXqKbs089gAAAABJRU5ErkJggg==', '23/12/1997', false);
insert into user (id, userName, email, password, image, birthDate, isAdmin) values (4, 'Drucie Hardbattle', 'dhardbattle3@icq.com', 'fyrjypR57G', 'data:image/png;base64,iVBORw0KGgoAAAANSUhEUgAAABAAAAAQCAYAAAAf8/9hAAAABGdBTUEAAK/INwWK6QAAABl0RVh0U29mdHdhcmUAQWRvYmUgSW1hZ2VSZWFkeXHJZTwAAAKbSURBVDjLpZNLbIxRGIaf/9Lfpa1rZ0hNtYpEVRBiNkUiEZFoKjSxQmLBglizIQiJILEgWHQlgkpLGg1BU6E3imorLkElLmOmM1XV6mXm/8/5LH5GI7EQJ/lyztm85/ne872GiPA/ywa40NC3X4TtSnRIa43S4GmNUhqlBU/pUaVQnqC0fnRk89ywDaBFdpeHs3P+5eUDlW8XpgmU1jkAmdU7QQSUB1qB6/rnVBLcFCRdcF0G99bjumrMKIFfPgjkBkB7fon3UyQJbhK8FLyIAuB66rcHSumfAgZ8ToBon0Rrn0T5+6AzyKd5eVi3j7HDuUfnmchWRITTN6PyfdiViw3dIiJS2RgTEZErzf69qiUmg59rJFq/R/o6a0UGIvK1s0paTqyN2QCu0mgRbAuqW+JYlsnVB3FsC2pa4yQSuxjKLmbK3BJ6u17iGCmyJ0wna+rMiekWBLAtgw3hADWtCdaHg9Q+jrO64BVDmUVMKlxDMnoZZ7zB+/ZX9A+ZGMmeRWkC0WCbUPskQWvPcR7eEEI6xvDYPCbNKWMkcg7T8cjIysfxPnC+dwun95a/Nn1HNSJChgWlSwMAFNtDbJw+g4lzyhiJnMXMcEn1F9B9vwNZto/vTggAE/ypA7BMg7qOHnL6PrBYxhEsXkcqVoHlCMn+fLob2mDVSQIFC9M/ZwN4nud7YMKMgTpyJ8/GkyDRZ6eYHHQY6c2jp/Ul5qqTBHLz0VqwTH4TuMpvYcHMLDoaK5i/fAdjPjbyuqaJ9lu9PL/zFKPkEMFQoU9qGWgtetQgSdPBS28Wp5TOzO1KkHpey6xFK/iW+EJX2xvuhg7z5do34GE6C30DI9cBjD/jvGnllOElhdPscNEsJCPZPBxPbCs92vnub6H6AWmNdrgLt0FkAAAAAElFTkSuQmCC', '03/05/1998', false);
insert into user (id, userName, email, password, image, birthDate, isAdmin) values (5, 'Deva Goulding', 'dgoulding4@comsenz.com', 'kInUHhHb0Bt', 'data:image/png;base64,iVBORw0KGgoAAAANSUhEUgAAABAAAAAQCAYAAAAf8/9hAAAABGdBTUEAAK/INwWK6QAAABl0RVh0U29mdHdhcmUAQWRvYmUgSW1hZ2VSZWFkeXHJZTwAAAIMSURBVDjLfZI9aJNxEMZ/bxJp+hGViBLEgtKKTo52yeBUnETBSVwEO4ibg2TqUAQLgptF6SjiouimOEqpFqSLCB2qIiINYmPT5s378f/fnUOSJmmKBw83Pb97uLvAzOjUxXvv7calST78qKHeEFFEFBXFe6U8cYSFZ6t8WrgadDw5ekpFUDW8axt9q4tvyXtDvPRa+gG705y0TD3mXeAeQKYvgRfCpuN4YQiXSp/GDw3TaCaI/DeBzP35tjx7beIdRwufyQd1VI3QjVJ1Z3n65QLqx+Z6PUHvEuXjqZkwHXo4cvL2GCNnMDKYRpiro9trbK09bgyxc6d4JVkcAPjlE1MYr5l8VLLsQdTXwO9gEmISQxCAOBqrlaqkXC5dt5W+HZi4CuN3S5Y7jPktkAiTuK0QTX5jGpI/favktqkM7EB9Ws6OnsP8NqZxW0lbMaZN1P0lM3IMF1IeuIKqFC2TwzQCTdqKu5IYpAHm8CnFQYAomAdNu9E706WbCEvw6T5/oF5q5uqYuT3R4y4ERdImLqI2CHDxkmyuEATZ/vjS7ubIZIaJNn7SrLM0AJCY+cbq/arGm5DNY+YxaSdBCXIFfBzw9eWbahQyv+8jbTwJZsQxVzh/s3SgOAGBYT5E0jrhr3XWn7+tRiGz0y9scV8AwPcHwVRap+JjyuIpugTiJrU4ZEmE+elXrQfq1D+32LPJr7b2hgAAAABJRU5ErkJggg==', '20/05/1993', true);
insert into user (id, userName, email, password, image, birthDate, isAdmin) values (6, 'Tarra Brislan', 'tbrislan5@de.vu', 'FzZU0RKWc', 'data:image/png;base64,iVBORw0KGgoAAAANSUhEUgAAABAAAAAQCAYAAAAf8/9hAAAABGdBTUEAAK/INwWK6QAAABl0RVh0U29mdHdhcmUAQWRvYmUgSW1hZ2VSZWFkeXHJZTwAAAIzSURBVDjLpVO7a1NRGP/dm9ubpGlMioGiLdFBHCyFtksHZ6tiQZAMEbqZwTGgkw7B3cmugoOL/0ATujadlIZchCwGWlERF5XbNOc+zsPvnNvUQmMWAx8f5+b8Ht/jWEop/M/POXvodDpvOOebcRw7lEHZRBRFOr+rVCoPxxJ4nlcgwOtisVhJp6cREghSwngjh7OzRezstKp0Ok/Q7XbvaHCpVJrP5XI4OPwGrS6lglSSiBQEkYVhOL4Eutwql8vmwFiAmMAfvX0ikKdxa/2uKWMsga7RdV34vp8oC4Ebi8tGXZ2o60b/04FmFgTSl/RAtHWv+4GyMOr6v0v37k92kPRKmcuaYHFp1aiPXKgJPbBHzIkDbZlIxEn9dgRf/UT6+wGezRxCvXqsxNMN/xzBKVj8bZwm2vq0gha7jedf1oCpLHBxgZTsqUe96gzFpiHQ1kbbqC2b8ckkz81lca1gwc24oPEAEcWx0Fd/2Zbztuo9+GEc6CmkUqmk7rMuIglOFfIhfWccKiTwkIPx2CmggCAILmgH79vtNgaDAfL5PDLZNG2gZYhiAvKQSjsmhwE1m+ngBAzJTEx7E2bsWq221u/3N5rN5v7e3i7SroWrVxZQLs9DDEmdaQIYIAJyEQmwIMBRNEAcxclbqNfr25S2G43Geq/Xe0mjXdJLJS6/AM9RbwIaJyP700TCpdlY3z4CCxmsSc955clnZSnznnDz967KOrC+Dp2wc104yh6mZJzlfwCf3q+o0qkR9wAAAABJRU5ErkJggg==', '09/04/1998', true);
insert into user (id, userName, email, password, image, birthDate, isAdmin) values (7, 'Wyatan Brosini', 'wbrosini6@cbsnews.com', 'HsojSOG', 'data:image/png;base64,iVBORw0KGgoAAAANSUhEUgAAABAAAAAQCAYAAAAf8/9hAAAABGdBTUEAAK/INwWK6QAAABl0RVh0U29mdHdhcmUAQWRvYmUgSW1hZ2VSZWFkeXHJZTwAAALQSURBVDjLbZNdSFNhGMf/55xtx6P7aG1rbiSbORwpm/QJQeGQPq/SFmiFFZjBQiiF6CboUrxIUqioKIO66SYRQVAiBIkiilJGyJQGrjl1pq42c+ecnfUcEQrdgd/Fed/n/3+e533el2lvbw8riuIiFnp7eytQ4AsGg98kSaqQZfn70NDQ7v/3NCT05HK5F8SVpqamfCEDEqt0Eyc372lIyBNnyF2ytXTLRSwPUc5DVIBW232U6YHmG+81JK4lqjYbsCScIB4SkY/ax0JGSAlssVXIC1YhCr9gEuYEURSniefE+JYKSGgkagnZpP2Kscwn7Ofugs15MbzUgPEVH0TxskzZGwlTIQOJiNKmz84DByx6rIjXkF71Yyl1HJHfNrV/hVBj7FsMaFHcMKg+Ya+AjimGjHJkTEnA+RIKI+GpKGLDYG8hAyNx2m631wzfjBeYAUstiJVqjBpbyOAXMRCNRmXvnYF9Ak1BygEiDbTF+gg79QwOBT5PUpWDFBfcYkDuOtooJ7gP2U7sQSN0U3HYlyfwxWbGm4VpGI1GfTqdrqqvr6/s6+vLJxKJ5Xg83hkOhx9wbre7QxUTvOFoqjTxdgSHtUZcvHAOTqcTBtMO0D0xOBwOVygUEjweD2OxWNTRHiMTrdpCinhFhIqn1uCXqnGkrg4d924hFf4Jp8MBn8+n4zhO19PTg9nZ2ZzBYBhpa2s7NTMzc1VtoYbE5wm3NV6EbXrzem8HLyn5wetphq43zGYzqAUkk0nQe/mj0WjOUkjGZDLxqgFppSc6ne5Z7N0aOPePdYOx26uMIjHo6upCSUnJ+lomkwHLsjxV06/+UwtrjN/vnySDXcSEVqttph5fBwKB0rKyMoUybZ+fn0ckEgHP83C5XKBxgyayFIvF2NHR0Tkmn//3AL1eL0eH5aOM/XSANhJx6kVYXFxsVRNarVY1szabzeboLJJUUcNfnRWk+01xXkAAAAAASUVORK5CYII=', '07/07/1998', true);
insert into user (id, userName, email, password, image, birthDate, isAdmin) values (8, 'Karine Menego', 'kmenego7@ask.com', 'qKPT9q', 'data:image/png;base64,iVBORw0KGgoAAAANSUhEUgAAABAAAAAQCAYAAAAf8/9hAAAABGdBTUEAAK/INwWK6QAAABl0RVh0U29mdHdhcmUAQWRvYmUgSW1hZ2VSZWFkeXHJZTwAAAGeSURBVDjLxVNNS0JRED3qA0MRoqCFouBGN9Yia9HGRa3b9x/6M62jf9CuTS0EV0arXASG0gcUYWIgmvi6792P7sz1WUI7Fw0Mc70z59wz88aYMQbLWBxL2tIEXrN5+mcPWkvrBsZQVNYDSKmglLTZ0J4lwjCER8XZ7OYcSDMxRs/cEdCZSKKoNeUU7u/rjoBMiE8GuKQrcCA1A0XuFK2sZKwC3xE4Zo1UahX5/Dam0yH6/Q4KhV17H+Lu7gKVyiESCQ/dbgPD4QvfSykQlzKcMxP4+fnGJr4seAdPT01MJh8oFve4uNOp20fWQBilQqvAEtBQqE+6IBuPe3h8bML3hyiX95FOr6HXayOT2UCpdIDR6I1r6VF6KK61z5N1ROAkvdBuX+H6+oznksttodE4wevrLbdC8h1GwCMZJF+pgIdSrR6xtCCYWLnrnBuP31GrHfN5MHhgcDRUj3pzbAFarfOFSUf++4tEA3dRwhNCsKRkMv2r+Oe7R7+jvbArNotu/6wC3/Z7yX3TdhkjbDS8eUTi5EoGuLhosX//N34Dm6aVPfzbYjIAAAAASUVORK5CYII=', '10/12/1992', false);
insert into user (id, userName, email, password, image, birthDate, isAdmin) values (9, 'Sharia Tottle', 'stottle8@wordpress.org', 'cKI6rUB9q', 'data:image/png;base64,iVBORw0KGgoAAAANSUhEUgAAABAAAAAQCAYAAAAf8/9hAAAABGdBTUEAAK/INwWK6QAAABl0RVh0U29mdHdhcmUAQWRvYmUgSW1hZ2VSZWFkeXHJZTwAAAIpSURBVDjLpZP7T1JhGMfPn9RaznVZa7Zhl1WoOI1ZtNlmq5Wrma1jMTSG5li1ahWSFJKmjuhEYzVJCDGQUNJI7WYX7ALnhFwiKFvn2zkHKw6d33y27y/v830+++5535cAQCxHhN7+AR23I9Ba30EzMIeTva9BWl4+ljJbRhLqHk9i/trDOLpdDLoeMCAyuZ8oVtP1WVYKYPYsfCv2Eqd9bdB61dB4SJxwNQuHjcZnkAKY3F+Efu/0VZjDV9A9eVFoiIo37L88JQkwDjNCv7CIPm8MheINey+ERIC6/kpFtXkbdhjKUdtVIfITVn9URGRSOajOBv8ClH1yRZVpK9s63IL2kVbIz20RBvkaGI3mAVQgBmosCsd4FG8+p7Gzc0wA1Fi2KyqMm1nyfhNqjHKsP1WKct1GDPpisPLy0/8nePUxhWqdD1xkJReZbXY0oqxjLbtOU7JJf2ceqewibAFa8FKBJYCQgktg49Rg3QMuMupv1uGw/QA26Faza9SrZHyidtt7JDOLsAdp3B3Pixh6QiOd/bdZVY8SGjeJg1QDH5ktbVkp+7OPtsG3SHz9gXuhfALnJPeQHBM0ClVrqOIjg4uMkuMrZIW3oe6fEwBD3KBzScQtPy3awfNIEiq9T/IdkDdeYIEDuJ4ygtcd5gD8QLF2dT76JQU4ap5FPP0ddDKHT/EsInQGRKXWi2KVHXNSUoAjppnRQ4ZwZt+lKdSfD2H3meDyvjKv3+cfGcwF4FggAAAAAElFTkSuQmCC', '21/04/1994', true);
insert into user (id, userName, email, password, image, birthDate, isAdmin) values (10, 'Arthur MacKeller', 'amackeller9@ftc.gov', 'cziatI7pBk', 'data:image/png;base64,iVBORw0KGgoAAAANSUhEUgAAABAAAAAQCAYAAAAf8/9hAAAABGdBTUEAAK/INwWK6QAAABl0RVh0U29mdHdhcmUAQWRvYmUgSW1hZ2VSZWFkeXHJZTwAAAKLSURBVDjLY/j//z8DJRhMmJQd+x89/W4IRQbY1x5L8590dzmy5PuIqC4gfvA+PPIyEMfhNqD06H+L9gfG9p33/jr23OMEiX30DTj8yT/oFxCf+hAYfBeIfwPxIyBWwjSg5Mh/tYZHzDr1D34aND7Y9tXOsf2Lg/O/z85uNjCFn908lT56eH985xXwzXvygwYUA4yLD/9Xcm+QlS572JWesP7XVyOL79/MLKci22Rc/6DXvPH+X8um+79t2u7/tOu4/w9ugFHxof8wha+1LP89NHT9iaxZIf/BCpWie7/Vi+/N/25kqvrN2Oz/suiO6QgDig6ADfgtJrX0p6TMb1u/Xd+5Eh9M4k16yCyQdH+HYOK9H6JJd+tgBv7U0j3wXVvvA9wAg8J9/6sNAvT/8gr++8Mn1MYQ8aCFIfzBf6bwB3+Zwx/8Ywu7H44e+j8VVX4hDMjf+/8/I6v/fya2OyghHHCn3GuRw3TvJTZn4mZ7P82dEv4trc//f2SLw6cp/mrX4Abo5+3+/5OBJeQ3A4s4TLPXTEsvj5mWLzxmmT+ImuJ+rXF14v8tV6b+v/Bs1//+3Vn/w/t1/5tnS/aAFevl7vw/R1TDAabZscNommOn0UeHLsNFDj2GPLHtLt83Xp7wf+O1SaCw+t+zJ/V//550kAHfwRp0s7f/tyzRkbQo1Z5pXqr7CEi/tSjTyYAZ6FNt+H/blTn/kcGmS1NBBkAU6GZt+2+UoelvmKHuph5g6QqkwalRWMNDFkRb5kh/796V9L99VwJYc/vOBFQXaGdu+a+dsfm/VsYmIN74XyttAxCv/68Jwqnr/htkJP4P7tH437srBWwziAbx4WFADAYq7gDiTyBnQ+kOkDgAwll4PHHRgLAAAAAASUVORK5CYII=', '11/01/1998', false);
>>>>>>> 22e7d68d50bd74fa1b1d1cbe364fc84777bcbeac:src/db/data.sql
/*CATEGORY*/
insert into category (idCategory, categoryName) values (1,"tinto"),
(2,"Blanco"),
(3,"Rosado"),
(4,"Dulces"),
(5,"Espumantes");

/*PRODUCT*/
INSERT INTO product
(id, productName, productDescription, productImage, productPrice, idCategory, productOffer, productDiscount)
VALUES
(1, 'Anko Malbec', 'Aromas florales y especiados, sabores a frutas negras, fácil de tomar, muy bien balanceado.', "anko-malbec.jpg", 1200, 1, false, 0),
(2, 'Manos Negras', 'El Malbec es indiscutiblemente, la uva emblemática de Argentina. El oasis desértico de altitud de Mendoza ha proporcionado las condiciones ideales para que esta uva despliegue sus puntos fuertes como en ningún otro lugar del mundo. Los días de sol brillante dan un color negruzco y sabores de fruta oscura, mientras que las noches frescas de la montaña producen aromas a violeta y una textura suave y flexible.', "manos-negras-malbec1-.png", 1145, 1, true, 15),
(3, 'Prodigo - Torrontes', 'De color amarillo cristalino. En nariz se detectan aromas intensos a frutos cítricos, flores de naranja y jazmín. En boca se presenta muy aromático con finas notas minerales y agradable acidez. Persistente y elegante final. Sugerencias gastronómicas: Se presta para acompañar con “carpaccio” y comida oriental. Ideal con platos a base de langostinos y centolla.', "prodigo-torrontes1.png", 646, 2, false, 0),
(4, 'Anko - Torrontes', 'Aromas florales, principalmente jazmín. Perfil de cítricos en compañía de una acidez natural que le dan un acabado brillante y limpio.', "anko-torrontes1.jpg", 896, 2, true, 15),
(5, 'Saurus Pinot Noir', 'Es un vino del estilo de la Provence, región del sur de Francia reconocida por ser la cuna de los rosé más prestigiosos, de un perfil que expresa suavidad y frescura. Su delicado color rosa pálido está asociado a la elaboración de maceración corta. Se destaca su viva acidez, fluidez y amabilidad. Fácil de beber.', "saurus-estate-pinot-rose.png", 750, 3, false, 0),
(6, 'Jose-Luis Mounier Rose', 'La elegancia es la característica fundamental de este vino.', "Jose-Luis-Mounier-Rose-01-1.jpg", 1800, 3, false, 0),
(7, 'Taymante - Tardio', 'Color: Amarillo-dorado (miel). Aromas: a frutos tropicales y cítricos. Temperatura: beberse a 7ºC en copa tipo jerez.', "taymante-tardio.jpg", 650, 4, false, 0),
(8, 'antigal uno sauvignon blanc', 'La dulzura y el cuerpo de este vino dan sensación de felicidad', "antigal uno sauvignon blanc.jpg", 1000, 4, true, 10),
(9, 'Animal Extra Brut', 'Extra brut de caracter fuerte. Beber a 5°c en copa.', "animal-extra-brut1-.jpg", 650, 5, true, 15),
(10, 'Cruzat - Naranjo', 'Cruzat Naranjo es un espumante de uvas blancas con alma de tinto; es un vino espumoso obtenido a través de la maceración de uva Chardonnay -provenientes de Luján de Cuyo- fermentado con levaduras indígenas y con sus pieles, tal como se elaboran los vinos tintos. Es el primer y único vino espumoso naranjo del mercado argentino elaborado bajo método tradicional. Su elaboración está inspirada en técnicas ancestrales para alcanzar una extraordinaria concentración de color, aromas y sabores.', "cruzat-naranjo1-.png", 1250, 5, true, 15);


